ranking,keyword,search_id
1,뽀로로음료수,1
2,아기보리차,1
3,뽀로로보리차,1
4,아기배도라지즙,1
5,루솔진한배도라지즙,1
6,요미요미,1
7,뽀로로음료,1
8,아이키커,1
9,끙아주스,1
10,뽀로로워터젤리,1
11,베베쿡배도라지,1
12,요미요미주스,1
13,엘빈즈배도라지,1
14,아기배도라지,1
15,크니쁘니,1
16,배도라지,1
17,뽀로로주스,1
18,아기배도라지차,1
19,유기농하늘보리,1
20,뽀로로쥬스,1
1,뽀로로음료수,1
2,아기보리차,1
3,뽀로로보리차,1
4,아기배도라지즙,1
5,루솔진한배도라지즙,1
6,요미요미,1
7,뽀로로음료,1
8,아이키커,1
9,끙아주스,1
10,뽀로로워터젤리,1
11,베베쿡배도라지,1
12,요미요미주스,1
13,엘빈즈배도라지,1
14,아기배도라지,1
15,크니쁘니,1
16,배도라지,1
17,뽀로로주스,1
18,아기배도라지차,1
19,유기농하늘보리,1
20,뽀로로쥬스,1
21,베베쿡보리차,1
22,베이비워터,1
23,요미요미배도라지,1
24,요미요미유기농주스,1
25,유아배도라지즙,1
26,아기주스,1
27,뽀로로누룽지차,1
28,총명하이배도라지차,1
29,배도라지즙아기,1
30,아기작두콩차,1
31,코코몽보리차,1
32,아기보리차티백,1
33,와일드알프,1
34,오가닉디노,1
35,유아음료,1
36,정관장아이키커,1
37,뽀로로샤인머스캣,1
38,코코몽하늘보리,1
39,총명하이,1
40,아기푸룬주스,1
41,뽀로로밀크맛,1
42,루솔작두콩보리차,1
43,아기쥬스,1
44,유아보리차,1
45,뽀로로비타플러스,1
46,크니쁘니주스,1
47,브레드이발소키즈홍삼,1
48,뽀로로밀크,1
49,요미요미보리차,1
50,함소아배도라지,1
51,엘빈즈배도라지즙,1
52,로지오가닉,1
53,엘빈즈보리차,1
54,하루야채뽀로로,1
55,목소리도맑음,1
56,뽀로로샘물,1
57,뽀로로하루야채,1
58,파파주스,1
59,아람농장,1
60,어린이주스,1
61,티라노배도라지즙,1
62,뽀로로딸기,1
63,유기농주스,1
64,아기배즙,1
65,키즈푸룬,1
66,루솔배도라지차,1
67,아기음료,1
68,또또맘배도라지,1
69,뽀로로음료수24,1
70,아기상어식이대장,1
71,끙아,1
72,뽀로로물,1
73,유아배도라지,1
74,뽀로로보리차24,1
75,아기도라지배즙,1
76,베베쿡배도라지즙,1
77,아기유기농주스,1
78,웅진작두콩차,1
79,어린이음료수,1
80,어린이쥬스,1
81,아람드리,1
82,핑크퐁보리차,1
83,요미요미야채와과일,1
84,뽀로로홍삼쏙쏙,1
85,아기물,1
86,아이배냇배도라지,1
87,작두콩차아기,1
88,어린이보리차,1
89,크니트니,1
90,테일러키즈푸룬,1
91,아기푸룬,1
92,유아쥬스,1
93,우리아이워터,1
94,뽀로로블루베리,1
95,루솔보리차,1
96,유아도라지배즙,1
97,아기이온음료,1
98,유기농오늘의야채,1
99,유아작두콩차,1
100,로지오가닉배도라지,1
101,뽀로로차차하우스,1
102,끙아c,1
103,아쿠쿠아,1
104,끙아주스c,1
105,아기홍삼,1
106,아기생수,1
107,아기유기농보리차,1
108,유아주스,1
109,루솔진한배도라지,1
110,아이키커오렌지,1
111,유기농쥬스,1
112,팔도뽀로로,1
113,시크릿쥬쥬음료수,1
114,브레드이발소음료수,1
115,유아푸룬주스,1
116,파스퇴르배도라지,1
117,처음먹는배도라지,1
118,팁코키즈,1
119,코코몽작두콩차,1
120,루솔,1
121,어린이배도라지,1
122,어린이간식,1
123,순수식품과일야채,1
124,작두콩보리차,1
125,요미요미팩홀더,1
126,루솔도라지배즙,1
127,키즈푸룬주스,1
128,요미요미현미차,1
129,공룡메카드음료수,1
130,파파아이,1
131,상하유기농주스,1
132,돌아기주스,1
133,베베쿡배도라지플러스,1
134,루솔작두콩차,1
135,유아배즙,1
136,배도라지주스,1
137,에치에치배도라지,1
138,웅진유기농하늘보리,1
139,요미요미홀더,1
140,파스퇴르보리차,1
141,뽀로로음료24,1
142,아기야채주스,1
143,핑크퐁키즈홍삼,1
144,베베스트푸룬,1
145,오가닉유기농주스,1
146,풀무원키즈프리,1
147,아기음료수,1
148,크니쁘니아쿠쿠아,1
149,하루야채타요,1
150,베베쿡워터젤리,1
151,목의보감배도라지,1
152,천년동안베이비워터,1
153,순아이티,1
154,아이배냇끙아,1
155,브레드이발소음료,1
156,아이키커사과,1
157,브레드이발소홍삼,1
158,어린이유기농주스,1
159,뽀로로사과,1
160,뽀로로음료수24개,1
161,어썸푸푸,1
162,베베스트보리차,1
163,어린이푸룬주스,1
164,코코몽음료수,1
165,루솔작두콩,1
166,처음먹는보리차,1
167,어린이야채주스,1
168,뽀로로보리차24개,1
169,뽀로로딸기맛,1
170,이디야뽀로로,1
171,헬로카봇음료수,1
172,유기농사과당근,1
173,와일드알프주니어,1
174,키즈배도라지,1
175,유아이온음료,1
176,배도라지아기,1
177,아이보리차,1
178,아올다,1
179,아이생각보리차,1
180,아이배냇보리차,1
181,자연원배도라지즙,1
182,유기농아기주스,1
183,오가닉사과당근,1
184,엘빈즈배도라지40,1
185,웅진유기농보리차,1
186,덴마크배도라지,1
187,아이얌배도라지,1
188,아이키커포도,1
189,야채채움키즈,1
190,핑크퐁루이보스,1
191,로지오가닉젤리,1
192,6개월아기보리차,1
193,오늘의야채키즈,1
194,와일드알프베이비워터,1
195,뽀로로음료24개,1
196,맑은이온,1
197,요거조아,1
198,배도라지조아,1
199,순한작두콩차,1
200,베베스트푸룬주스,1
201,프레쉬벨,1
202,베베쿡배도라지키즈,1
203,천호엔케어배도라지,1
204,뽀로로음료수혼합,1
205,아이생각주스,1
206,웅진작두콩,1
207,브레드이발소주스,1
208,어린이배도라지즙,1
209,코코몽음료,1
210,자연원배도라지,1
211,팬돌이,1
212,키즈프리,1
213,또또맘도라지배,1
214,유기농아기보리차,1
215,뽀로로사과맛,1
216,요미요미쥬스,1
217,요미요미현미,1
218,브레드이발소보리차,1
219,뽀로로음료혼합,1
220,함소아하마,1
221,크니쁘니쥬스,1
222,킨더밀쉬,1
223,뽀로로밀크24,1
224,베베쿡유기농보리차,1
225,오가닉사과당근주스,1
226,쁘니크니,1
227,순작우리아이첫보리차,1
228,아람드리딸기,1
229,애플디노,1
230,아이주스,1
231,헬로아이달콤사과,1
232,코코몽작두콩,1
233,크니쁘니인형,1
234,코코몽주스,1
235,엘빈즈유기농보리차,1
236,디노주스,1
237,브레드이발소쥬스,1
238,헬로아이배도라지,1
239,즙문가,1
240,핑크퐁루이보스보리차,1
241,브래드이발소키즈홍삼,1
242,하늘보리유기농,1
243,아이생각배도라지,1
244,딥스키즈,1
245,뽀로로누룽지,1
246,티라노배즙,1
247,덴마크목장배도라지,1
248,배도라지베베쿡,1
249,배도라지젤리,1
250,유아음료수,1
251,돌아기배도라지즙,1
252,뽀로로샤인머스켓,1
253,파스퇴르아이생각주스,1
254,테일러키즈푸룬주스,1
255,파파주스배수세미,1
256,유아푸룬,1
257,뽀로로아기보리차,1
258,아이음료,1
259,팔도뽀로로보리차,1
260,덴마크목장,1
261,아기상어보리차,1
262,아기착즙주스,1
263,유자키오,1
264,뽀로로음료밀크,1
265,요미요미튼튼주스,1
266,엘빈즈배도라지40팩,1
267,바맘,1
268,뽀로로워터젤리포도,1
269,요미요미야채믹스,1
270,처음보리차,1
271,시크릿쥬쥬음료,1
272,루솔젤리,1
273,브레드이발소오렌지망고,1
274,뽀로로워터젤리복숭아,1
275,유아유기농주스,1
276,핑크퐁음료,1
277,목의보감,1
278,테일러푸룬키즈,1
279,핑크퐁음료수,1
280,뽀로로워터젤리오렌지,1
281,아기배도라지티백,1
282,아기하늘보리,1
283,베베쿡처음먹는보리차,1
284,아이꼬야이온케어,1
285,유기농오늘의야채키즈,1
286,헬로팬돌이,1
287,배도라지플러스,1
288,아기워터젤리,1
289,퓨어잇한라봉,1
290,배도라지쥬스,1
291,알로의기감차,1
292,요미요미사과배,1
293,아기과일주스,1
294,베베쿡처음먹는배도라지,1
295,뽀로로딸기24,1
296,어린이푸룬,1
297,베베쿡주스,1
298,뽀로로음료수블루베리,1
299,루솔워터젤리,1
300,하늘보리코코몽,1
301,아이누리주스,1
302,짱죽보리차,1
303,코코몽결명자,1
304,키득키득배도라지,1
305,롯데오가닉주스,1
306,코코몽유기농하늘보리,1
307,뽀로로음료수밀크,1
308,엘더하이,1
309,유아배도라지차,1
310,함소아프루티워터,1
311,맑은이온유기농,1
312,요미요미푸룬,1
313,요미요미48팩,1
314,베비언스워터,1
315,아기과채주스,1
316,순작아기보리차,1
317,뽀로로야채주스,1
318,테일러푸룬주스키즈,1
319,베비언스우리아이워터,1
320,순수식품야채주스,1
321,엘빈즈배도라지푸룬,1
322,요미요미과일믹스,1
323,뽀로로어린이음료,1
324,아기변비주스,1
325,아기배도라지차티백,1
326,어린이홍삼음료,1
327,아기현미차,1
328,뽀로로밀크맛24,1
329,아람드리주스,1
330,잘자란배도라지,1
331,아이누리배도라지차,1
332,엘라스키친,1
333,루솔아기배도라지즙,1
334,뽀로로면역쏙,1
335,공룡주스,1
336,뽀로로음료딸기,1
337,아기상어음료수,1
338,루솔진한배도라지즙40포,1
339,아이쥬스,1
340,베베쿡푸룬,1
341,코코몽딸기,1
342,핑크퐁홍삼,1
343,뽀로로음료블루베리,1
344,타요하루야채,1
345,하루야채키즈,1
346,베베쿡배도라지홍삼,1
347,유아보리차티백,1
348,테일러팜스키즈푸룬,1
349,유아생수,1
350,뽀로로음료밀크맛,1
351,배도라지푸룬,1
352,똘망,1
353,아이배도라지,1
354,목소리맑음,1
355,끙아주스30,1
356,엘빈즈작두콩,1
357,아올다배도라지,1
358,아이배냇오늘사과해,1
359,어린이양배추즙,1
360,뽀로로워터젤리40,1
361,아람드리사과,1
362,루솔배도라지즙40포,1
363,뽀로로아이뿌요,1
364,모여라야채친구들,1
365,엘빈즈작두콩현미차,1
366,함소아비염,1
367,덴마크유기농주스,1
368,아이얌맑은이온,1
369,아기도라지,1
370,루솔김치,1
371,썬키스트겨울왕국,1
372,크니쁘니오가닉,1
373,유설향,1
374,안경도둑똘망,1
375,루솔배도라지즙,1
376,브래드이발소음료,1
377,산골이유식배도라지,1
378,헬로카봇음료,1
379,처음먹는유기농보리차,1
380,오가닉유기농,1
381,파스퇴르주스,1
382,뽀로로음료수샤인머스켓,1
383,시크릿쥬쥬주스,1
384,파파주스배도라지,1
385,베베당배도라지,1
386,베베쿡,1
387,이지아이푸룬변,1
388,디노쥬스,1
389,뽀로로음료수딸기,1
390,아기첫보리차,1
391,유아야채주스,1
392,아기상어주스,1
393,아이배냇배도라지조아,1
394,후디스배도라지,1
395,끙아씨,1
396,뽀로로음료수밀크맛,1
397,시크릿쥬쥬쥬스,1
398,핑크퐁오렌지망고,1
399,뽀로로음료수사과,1
400,어린이이온음료,1
401,우리아이워터보리,1
402,달콤사과,1
403,배도라지음료,1
404,뽀로로티백,1
405,이지아이푸룬,1
406,요미요미48,1
407,배도라지워터젤리,1
408,아이꼬야주스,1
409,루솔진한배도라지즙60포,1
410,엘빈즈홍삼배도라지,1
411,퓨어잇배도라지,1
412,퓨어잇보리차,1
413,웅진유기농하늘보리차,1
414,요미요미안심아이차,1
415,유아변비,1
416,핑크퐁주스,1
417,아기푸른주스,1
418,어린이사과주스,1
419,요미요미보리차48,1
420,뽀로로누룽지차24,1
421,방구소리방긋,1
422,요미요미푸룬사과,1
423,타요주스,1
424,키즈야채주스,1
425,피규어음료수,1
426,매일요미요미,1
427,어린이단백질음료,1
428,웅진순한작두콩,1
429,베베쿡보리차티백,1
430,안녕자두야배도라지,1
431,엑스링다이노,1
432,돌아기보리차,1
433,루솔배도라지즙60포,1
434,뽀로로음료샤인머스켓,1
435,하루틴배도라지,1
436,폴리배도라지,1
437,얌티,1
438,엘빈즈배즙,1
439,요미요미24팩,1
440,웅진아기보리차,1
441,유기농하늘보리24,1
442,푸룬주스키즈,1
443,공룡메카드음료,1
444,루솔배도라지워터젤리,1
445,아기도라지차,1
446,웅진코코몽,1
447,뽀로로바나나,1
448,이지아이보리차,1
449,작두콩현미차,1
450,카봇음료수,1
451,팔도뽀로로비타플러스,1
452,%ec%95%84%ea%b8%b0+%eb%b3%b4%eb%a6%ac%ec%b0%a8,1
453,아이키커30,1
454,유아배도라지스틱,1
455,매일배도라지,1
456,순작우리아이보리차,1
457,아기오렌지주스,1
458,브래드이발소홍삼,1
459,키즈쥬스,1
460,파스퇴르유기농주스,1
461,함소아키득키득,1
462,뽀로로블루베리24,1
463,아이들음료,1
464,요미요미프룬사과,1
465,배도라지요미요미,1
466,베베쿡배도라지40,1
467,엘빈즈새싹보리차,1
468,티라노배도라지,1
469,귤귤이한라봉,1
470,애기보리차,1
471,브래드이발소음료수,1
472,뽀로로홍삼쏙쏙사과매실영양성분,1
473,요미요미야채,1
474,뽀로로샤인머스캣24,1
475,크니쁘니오가닉주스,1
476,베베쿡사과당근,1
477,키즈홍삼음료,1
478,함소아키득키득배도라지,1
479,또또맘당근사과,1
480,뽀짝뽀짝,1
